id,name,email,company
1,Leanne Graham,sincere@april.biz,Romaguera-Crona
2,Ervin Howell,shanna@melissa.tv,Deckow-Crist
3,Clementine Bauch,nathan@yesenia.net,Romaguera-Jacobson
4,Patricia Lebsack,julianne.oconner@kory.org,Robel-Corkery
5,Chelsey Dietrich,lucio_hettinger@annie.ca,Keebler LLC
6,Mrs. Dennis Schulist,karley_dach@jasper.info,Considine-Lockman
7,Kurtis Weissnat,telly.hoeger@billy.biz,Johns Group
8,Nicholas Runolfsdottir V,sherwood@rosamond.me,Abernathy Group
9,Glenna Reichert,chaim_mcdermott@dana.io,Yost and Sons
10,Clementina DuBuque,rey.padberg@karina.biz,Hoeger LLC
